alignment_column,entropy_bits
1,0.0
2,0.5048637698517882
3,0.0
4,0.15374218032876188
5,0.0
6,0.08146202691506
7,0.0
8,0.0
9,0.16144054254182066
10,1.8403539058658764
11,0.0
12,0.0
13,0.0
14,0.08079313589591118
15,0.3549444868386896
16,0.08079313589591118
17,0.0
18,1.1859084366558184
19,1.2140590408702308
20,0.08079313589591118
21,0.14144054254182067
22,0.08079313589591118
23,0.08079313589591118
24,0.08079313589591118
25,0.08079313589591118
26,0.0
27,0.0
28,0.0
29,0.08079313589591118
30,0.0
31,0.499915958164528
32,0.0
33,0.22194073285321086
34,0.08079313589591118
35,0.24229218908241482
36,0.0
37,0.1943918578315762
38,0.0
39,0.1943918578315762
40,0.14144054254182067
41,0.08079313589591118
42,0.0
43,0.0
44,0.0
45,1.0078725331880818
46,0.0
47,0.0
48,0.24229218908241482
49,0.0
50,0.0
51,0.0
52,0.08079313589591118
53,0.0
54,0.0
55,0.0
56,0.0
57,0.14144054254182067
58,0.32744491915447627
59,0.0
60,0.0
61,0.08079313589591118
62,0.32744491915447627
63,0.0
64,0.08079313589591118
65,0.0
66,0.0
67,0.08079313589591118
68,0.0
69,0.0
70,0.16144054254182066
71,0.08079313589591118
72,0.14144054254182067
73,0.08079313589591118
74,0.08079313589591118
75,0.584238811642856
76,0.0
77,0.0
78,0.08079313589591118
79,0.3224933618603243
80,0.08079313589591118
81,0.08079313589591118
82,0.0
83,0.5089701238768425
84,0.0
85,0.08079313589591118
86,0.0
87,0.44566434565824053
88,0.0
89,0.0
90,0.9470189951085606
91,0.893282898455197
92,0.0
93,0.08079313589591118
94,0.0
95,1.2147182559861753
96,0.499915958164528
97,0.0
98,0.08079313589591118
99,0.0
100,0.6092592814269933
101,0.08079313589591118
102,0.519116442129007
103,0.0
104,0.08079313589591118
105,0.0
106,0.08079313589591118
107,0.14144054254182067
108,0.0
109,0.08079313589591118
110,0.0
111,0.43488962042262075
112,0.16144054254182066
113,0.08079313589591118
114,0.5751601860848226
115,0.16144054254182066
116,0.08079313589591118
117,0.0
118,0.08079313589591118
119,0.16144054254182066
120,1.1787563107035324
121,0.0
122,0.0
123,0.0
124,1.700533928764583
125,0.2747433140607801
126,0.0
127,0.14144054254182067
128,0.48217919020227284
129,0.0
130,0.14144054254182067
131,0.0
132,0.6882759652992883
133,0.0
134,0.08079313589591118
135,0.0
136,0.1943918578315762
137,0.0
138,0.14144054254182067
139,0.14144054254182067
140,0.3022921890824148
141,0.0
142,0.0
143,0.0
144,0.28639695711595625
145,0.0
146,0.0
147,0.16144054254182066
148,0.08079313589591118
149,0.0
150,0.4021791902022728
151,0.0
152,1.9020913811930504
153,0.3224933618603243
154,0.0
155,0.08079313589591118
156,0.0
157,0.0
158,0.9685806015045624
159,0.0
160,0.08079313589591118
161,0.0
162,0.0
163,0.0
164,0.0
165,0.0
166,0.08079313589591118
167,0.0
168,0.0
169,0.0
170,0.0
171,0.16144054254182066
172,0.16144054254182066
173,0.584238811642856
174,0.499915958164528
175,0.0
176,0.0
177,0.0
178,0.0
179,0.0
180,0.0
181,0.08079313589591118
182,0.6800770457282799
183,0.0
184,0.976500468757824
185,0.0
186,0.0
187,0.0
188,0.0
189,0.0
190,0.08079313589591118
191,0.7994837797373409
192,0.08079313589591118
193,0.08079313589591118
194,0.08079313589591118
195,0.08079313589591118
196,0.16144054254182066
197,0.0
198,0.1943918578315762
199,0.16144054254182066
200,0.0
201,0.08079313589591118
202,0.0
203,0.0
204,0.5466653171506417
205,0.08079313589591118
206,0.0
207,0.5293608652873644
208,0.16144054254182066
209,0.0
210,0.0
211,0.4263420906998874
212,0.7950402793845223
213,0.0
214,0.5293608652873644
215,0.14144054254182067
216,0.0
217,0.28639695711595625
218,0.08079313589591118
219,0.0
220,0.08079313589591118
221,0.08079313589591118
222,0.0
223,0.08079313589591118
224,0.0
225,0.3022921890824148
226,0.0
227,0.08079313589591118
228,0.0
229,1.23474331406078
230,0.08079313589591118
231,0.0
232,0.0
233,0.08079313589591118
234,0.0
