alignment_column,amino_acid,count,valid_sequences,frequency_percent
1,S,44,44,100.0
2,H,3,45,6.67
2,Q,41,45,91.11
2,R,1,45,2.22
3,N,45,45,100.0
4,F,1,45,2.22
4,Y,44,45,97.78
5,P,99,99,100.0
6,I,98,99,98.99
6,M,1,99,1.01
7,V,99,99,100.0
8,Q,99,99,100.0
9,I,1,100,1.0
9,N,98,100,98.0
9,S,1,100,1.0
10,A,7,100,7.0
10,H,1,100,1.0
10,I,17,100,17.0
10,L,56,100,56.0
10,M,16,100,16.0
10,P,2,100,2.0
10,S,1,100,1.0
11,Q,100,100,100.0
12,G,100,100,100.0
13,Q,100,100,100.0
14,M,99,100,99.0
14,W,1,100,1.0
15,A,1,100,1.0
15,I,1,100,1.0
15,T,3,100,3.0
15,V,95,100,95.0
16,H,99,100,99.0
16,N,1,100,1.0
17,Q,100,100,100.0
18,A,53,100,53.0
18,P,44,100,44.0
18,S,2,100,2.0
18,T,1,100,1.0
19,I,70,100,70.0
19,L,19,100,19.0
19,M,10,100,10.0
19,V,1,100,1.0
20,P,1,100,1.0
20,S,99,100,99.0
21,A,2,100,2.0
21,P,98,100,98.0
22,K,1,100,1.0
22,R,99,100,99.0
23,L,1,100,1.0
23,T,99,100,99.0
24,F,1,100,1.0
24,L,99,100,99.0
25,N,99,100,99.0
25,S,1,100,1.0
26,A,100,100,100.0
27,W,99,99,100.0
28,V,100,100,100.0
29,K,99,100,99.0
29,R,1,100,1.0
30,V,100,100,100.0
31,I,11,100,11.0
31,V,89,100,89.0
32,E,100,100,100.0
33,E,97,100,97.0
33,G,2,100,2.0
33,K,1,100,1.0
34,K,99,100,99.0
34,N,1,100,1.0
35,A,96,100,96.0
35,G,4,100,4.0
36,F,100,100,100.0
37,N,3,100,3.0
37,S,97,100,97.0
38,P,100,100,100.0
39,E,97,100,97.0
39,K,3,100,3.0
40,I,2,100,2.0
40,V,98,100,98.0
41,I,99,100,99.0
41,K,1,100,1.0
42,P,100,100,100.0
43,M,100,100,100.0
44,F,100,100,100.0
45,A,3,100,3.0
45,S,71,100,71.0
45,T,26,100,26.0
46,A,100,100,100.0
47,L,100,100,100.0
48,A,4,100,4.0
48,S,96,100,96.0
49,E,100,100,100.0
50,G,100,100,100.0
51,A,100,100,100.0
52,S,1,100,1.0
52,T,99,100,99.0
53,P,100,100,100.0
54,Q,100,100,100.0
55,D,100,100,100.0
56,L,100,100,100.0
57,N,98,100,98.0
57,T,2,100,2.0
58,M,6,100,6.0
58,T,94,100,94.0
59,M,100,100,100.0
60,L,100,100,100.0
61,K,1,100,1.0
61,N,99,100,99.0
62,I,6,100,6.0
62,T,94,100,94.0
63,V,100,100,100.0
64,G,99,100,99.0
64,R,1,100,1.0
65,G,100,100,100.0
66,H,100,100,100.0
67,Q,99,100,99.0
67,R,1,100,1.0
68,A,100,100,100.0
69,A,100,100,100.0
70,M,98,100,98.0
70,T,1,100,1.0
70,V,1,100,1.0
71,Q,99,100,99.0
71,R,1,100,1.0
72,I,2,100,2.0
72,M,98,100,98.0
73,L,99,100,99.0
73,S,1,100,1.0
74,E,1,100,1.0
74,K,99,100,99.0
75,D,14,100,14.0
75,E,86,100,86.0
76,T,100,100,100.0
77,I,100,100,100.0
78,I,1,100,1.0
78,N,99,100,99.0
79,D,4,100,4.0
79,E,95,100,95.0
79,K,1,100,1.0
80,E,99,100,99.0
80,K,1,100,1.0
81,A,99,100,99.0
81,P,1,100,1.0
82,A,100,100,100.0
83,D,7,99,7.07
83,E,90,99,90.91
83,K,2,99,2.02
84,W,99,99,100.0
85,D,99,100,99.0
85,N,1,100,1.0
86,R,100,100,100.0
87,L,92,100,92.0
87,T,1,100,1.0
87,V,7,100,7.0
88,H,100,100,100.0
89,P,100,100,100.0
90,A,3,100,3.0
90,I,5,100,5.0
90,L,3,100,3.0
90,P,5,100,5.0
90,V,84,100,84.0
91,H,79,100,79.0
91,L,1,100,1.0
91,P,2,100,2.0
91,Q,18,100,18.0
92,A,100,100,100.0
93,G,99,100,99.0
93,R,1,100,1.0
94,P,100,100,100.0
95,A,1,100,1.0
95,H,3,100,3.0
95,I,68,100,68.0
95,N,2,100,2.0
95,V,26,100,26.0
96,A,89,100,89.0
96,P,11,100,11.0
97,P,100,100,100.0
98,G,99,100,99.0
98,S,1,100,1.0
99,Q,100,100,100.0
100,I,6,100,6.0
100,L,5,100,5.0
100,M,89,100,89.0
101,G,1,100,1.0
101,R,99,100,99.0
102,D,6,100,6.0
102,E,91,100,91.0
102,K,3,100,3.0
103,P,100,100,100.0
104,G,1,100,1.0
104,R,99,100,99.0
105,G,100,100,100.0
106,R,1,100,1.0
106,S,99,100,99.0
107,D,98,100,98.0
107,G,2,100,2.0
108,I,100,100,100.0
109,A,99,100,99.0
109,P,1,100,1.0
110,G,100,100,100.0
111,I,4,100,4.0
111,S,3,100,3.0
111,T,93,100,93.0
112,I,1,100,1.0
112,P,1,100,1.0
112,T,98,100,98.0
113,S,99,100,99.0
113,T,1,100,1.0
114,N,9,100,9.0
114,S,2,100,2.0
114,T,89,100,89.0
115,F,1,100,1.0
115,L,98,100,98.0
115,P,1,100,1.0
116,A,1,100,1.0
116,Q,99,100,99.0
117,E,100,100,100.0
118,Q,99,100,99.0
118,R,1,100,1.0
119,I,98,100,98.0
119,M,1,100,1.0
119,V,1,100,1.0
120,A,14,100,14.0
120,G,76,100,76.0
120,N,2,100,2.0
120,R,3,100,3.0
120,T,5,100,5.0
121,W,100,100,100.0
122,M,100,100,100.0
123,T,100,100,100.0
124,G,5,100,5.0
124,H,18,100,18.0
124,N,46,100,46.0
124,S,31,100,31.0
125,D,3,100,3.0
125,N,96,100,96.0
125,T,1,100,1.0
126,P,100,100,100.0
127,A,2,100,2.0
127,P,98,100,98.0
128,I,92,100,92.0
128,T,4,100,4.0
128,V,4,100,4.0
129,P,100,100,100.0
130,A,2,100,2.0
130,V,98,100,98.0
131,G,100,100,100.0
132,D,15,100,15.0
132,E,84,100,84.0
132,S,1,100,1.0
133,I,100,100,100.0
134,F,1,100,1.0
134,Y,99,100,99.0
135,K,100,100,100.0
136,K,3,100,3.0
136,R,97,100,97.0
137,W,98,98,100.0
138,I,98,100,98.0
138,V,2,100,2.0
139,I,98,100,98.0
139,V,2,100,2.0
140,I,2,100,2.0
140,L,96,100,96.0
140,M,1,100,1.0
140,R,1,100,1.0
141,G,100,100,100.0
142,L,100,100,100.0
143,N,100,100,100.0
144,K,95,100,95.0
144,Q,5,100,5.0
145,I,100,100,100.0
146,V,100,100,100.0
147,G,1,100,1.0
147,K,1,100,1.0
147,R,98,100,98.0
148,M,99,100,99.0
148,V,1,100,1.0
149,Y,100,100,100.0
150,C,8,100,8.0
150,S,92,100,92.0
151,P,100,100,100.0
152,A,11,100,11.0
152,I,5,100,5.0
152,S,17,100,17.0
152,T,52,100,52.0
152,V,15,100,15.0
153,C,4,100,4.0
153,G,1,100,1.0
153,S,95,100,95.0
154,I,100,100,100.0
155,L,99,100,99.0
155,P,1,100,1.0
156,D,100,100,100.0
157,I,100,100,100.0
158,E,1,100,1.0
158,K,31,100,31.0
158,R,68,100,68.0
159,Q,100,100,100.0
160,G,99,100,99.0
160,R,1,100,1.0
161,P,100,100,100.0
162,K,100,100,100.0
163,E,100,100,100.0
164,P,100,100,100.0
165,F,100,100,100.0
166,K,1,100,1.0
166,R,99,100,99.0
167,D,100,100,100.0
168,Y,100,100,100.0
169,V,100,100,100.0
170,D,100,100,100.0
171,K,1,100,1.0
171,Q,1,100,1.0
171,R,98,100,98.0
172,F,98,100,98.0
172,S,1,100,1.0
172,V,1,100,1.0
173,F,14,100,14.0
173,Y,86,100,86.0
174,K,89,100,89.0
174,R,11,100,11.0
175,T,100,100,100.0
176,L,100,100,100.0
177,R,100,100,100.0
178,A,100,100,100.0
179,E,100,100,100.0
180,Q,100,100,100.0
181,A,99,100,99.0
181,V,1,100,1.0
182,S,82,100,82.0
182,T,18,100,18.0
183,Q,100,100,100.0
184,D,41,100,41.0
184,E,59,100,59.0
185,V,100,100,100.0
186,K,100,100,100.0
187,N,100,100,100.0
188,W,97,97,100.0
189,M,100,100,100.0
190,P,1,100,1.0
190,T,99,100,99.0
191,D,20,100,20.0
191,E,79,100,79.0
191,G,1,100,1.0
192,L,1,100,1.0
192,T,99,100,99.0
193,L,99,100,99.0
193,S,1,100,1.0
194,L,99,100,99.0
194,S,1,100,1.0
195,A,1,100,1.0
195,V,99,100,99.0
196,H,1,100,1.0
196,Q,98,100,98.0
196,R,1,100,1.0
197,N,100,100,100.0
198,A,97,100,97.0
198,S,3,100,3.0
199,D,1,100,1.0
199,N,98,100,98.0
199,S,1,100,1.0
200,P,100,100,100.0
201,D,99,100,99.0
201,H,1,100,1.0
202,C,100,100,100.0
203,K,100,100,100.0
204,I,1,100,1.0
204,N,2,100,2.0
204,S,6,100,6.0
204,T,91,100,91.0
205,I,99,100,99.0
205,V,1,100,1.0
206,L,100,100,100.0
207,K,88,100,88.0
207,R,12,100,12.0
208,A,98,100,98.0
208,G,1,100,1.0
208,T,1,100,1.0
209,L,99,99,100.0
210,G,100,100,100.0
211,P,93,100,93.0
211,Q,2,100,2.0
211,T,5,100,5.0
212,A,76,100,76.0
212,G,24,100,24.0
213,A,100,100,100.0
214,S,12,100,12.0
214,T,88,100,88.0
215,I,2,100,2.0
215,L,98,100,98.0
216,E,100,100,100.0
217,D,5,100,5.0
217,E,95,100,95.0
218,M,99,100,99.0
218,T,1,100,1.0
219,M,100,100,100.0
220,Q,1,100,1.0
220,T,99,100,99.0
221,A,99,100,99.0
221,Q,1,100,1.0
222,C,100,100,100.0
223,H,1,100,1.0
223,Q,99,100,99.0
224,G,100,100,100.0
225,E,2,100,2.0
225,G,1,100,1.0
225,M,1,100,1.0
225,V,96,100,96.0
226,G,100,100,100.0
227,G,99,100,99.0
227,P,1,100,1.0
228,P,100,100,100.0
229,A,9,100,9.0
229,G,64,100,64.0
229,S,27,100,27.0
230,H,99,100,99.0
230,P,1,100,1.0
231,K,100,100,100.0
232,A,100,100,100.0
233,G,1,100,1.0
233,R,99,100,99.0
234,V,100,100,100.0
